"Chrom"	"Position"	"Ref"	"Variant"	"Allele.Call"	"Filter"	"Frequency"	"Quality"	"Filter.1"	"Type"	"Allele.Source"	"Allele.Name"	"Gene.ID"	"Region.Name"	"VCF.Position"	"VCF.Ref"	"VCF.Variant"	"Original.Coverage"	"Coverage"	"Filter.2"	"Coverage."	"Filter.3"	"Coverage..1"	"Filter.4"	"Allele.Cov"	"Allele.Cov."	"Allele.Cov..1"	"Strand.Bias"	"Filter.5"	"Common.Signal.Shift"	"Filter.6"	"Reference.Signal.Shift"	"Filter.7"	"Variant.Signal.Shift"	"Filter.8"	"Relative.Read.Quality"	"Filter.9"	"HP.Length"	"Filter.10"	"Context.Error."	"Filter.11"	"Context.Error..1"	"Filter.12"	"Context.Strand.Bias"	"Filter.13"	"Sample.Name"	"Barcode"	"Run.Name"	"chr"	"start"	"end"
"1"	"chr1"	21889785	"CG"	"C"	"Heterozygous"	"-"	54.3478	143.958	"-"	"DEL"	NA	NA	NA	NA	21889784	"CG"	"C"	138	138	NA	35	NA	28	NA	37	NA	38	0.604501073	NA	NA	NA	NA	NA	NA	NA	NA	NA	NA	NA	NA	NA	NA	NA	NA	NA	"NXGMDX-680998"	NA	NA	"chr1"	21889784	21889784
"2"	"chr1"	25889343	"CAG"	"C"	"Homozygous"	"-"	100	1429.35	"-"	"DEL"	NA	NA	NA	NA	25889342	"CAG"	"C"	209	204	NA	0	NA	0	NA	113	NA	91	0.553921569	NA	NA	NA	NA	NA	NA	NA	NA	NA	NA	NA	NA	NA	NA	NA	NA	NA	"NXGMDX-680998"	NA	NA	"chr1"	25889342	25889342
"3"	"chr1"	63870296	"TACTG"	"T"	"Heterozygous"	"-"	45.7317	126.938	"-"	"DEL"	NA	NA	NA	NA	63870295	"TACTG"	"T"	166	164	NA	33	NA	56	NA	42	NA	33	0.506774279	NA	NA	NA	NA	NA	NA	NA	NA	NA	NA	NA	NA	NA	NA	NA	NA	NA	"NXGMDX-680998"	NA	NA	"chr1"	63870295	63870295
"4"	"chr1"	76194230	"GT"	"G"	"Homozygous"	"-"	100	1369.89	"-"	"DEL"	NA	NA	NA	NA	76194229	"GT"	"G"	194	191	NA	0	NA	0	NA	73	NA	118	0.382198953	NA	NA	NA	NA	NA	NA	NA	NA	NA	NA	NA	NA	NA	NA	NA	NA	NA	"NXGMDX-680998"	NA	NA	"chr1"	76194229	76194229
"5"	"chr1"	94487286	"AAC"	"A"	"Homozygous"	"-"	100	735.518	"-"	"DEL"	NA	NA	NA	NA	94487285	"AAC"	"A"	93	108	NA	0	NA	0	NA	31	NA	77	0.287037037	NA	NA	NA	NA	NA	NA	NA	NA	NA	NA	NA	NA	NA	NA	NA	NA	NA	"NXGMDX-680998"	NA	NA	"chr1"	94487285	94487285
"6"	"chr1"	98348885	"CG"	"C"	"Heterozygous"	"-"	45.0549	139.343	"-"	"DEL"	NA	NA	NA	NA	98348885	"G"	"-"	182	182	NA	38	NA	62	NA	37	NA	45	0.575271351	NA	NA	NA	NA	NA	NA	NA	NA	NA	NA	NA	NA	NA	NA	NA	NA	NA	"NXGMDX-680998"	NA	NA	"chr1"	98348884	98348884
"7"	"chr1"	120277195	"TTAA"	"T"	"Heterozygous"	"-"	51.1719	279.81	"-"	"DEL"	NA	NA	NA	NA	120277194	"TTAA"	"T"	261	256	NA	51	NA	74	NA	55	NA	76	0.599135242	NA	NA	NA	NA	NA	NA	NA	NA	NA	NA	NA	NA	NA	NA	NA	NA	NA	"NXGMDX-680998"	NA	NA	"chr1"	120277194	120277194
"8"	"chr1"	155184067	"GT"	"G"	"Heterozygous"	"-"	52.9412	170.268	"-"	"DEL"	NA	NA	NA	NA	155184067	"T"	"-"	134	136	NA	36	NA	28	NA	40	NA	32	0.636820968	NA	NA	NA	NA	NA	NA	NA	NA	NA	NA	NA	NA	NA	NA	NA	NA	NA	"NXGMDX-680998"	NA	NA	"chr1"	155184066	155184066
"9"	"chr1"	155184367	"GG"	"G"	"Heterozygous"	"-"	72.1254	800.512	"-"	"DEL"	NA	NA	NA	NA	155184367	"G"	"-"	288	287	NA	27	NA	53	NA	114	NA	93	0.500540637	NA	NA	NA	NA	NA	NA	NA	NA	NA	NA	NA	NA	NA	NA	NA	NA	NA	"NXGMDX-680998"	NA	NA	"chr1"	155184366	155184366
"10"	"chr1"	155184381	"GG"	"G"	"Heterozygous"	"-"	74.11	925.087	"-"	"DEL"	NA	NA	NA	NA	155184381	"G"	"-"	306	309	NA	26	NA	54	NA	121	NA	108	0.500735119	NA	NA	NA	NA	NA	NA	NA	NA	NA	NA	NA	NA	NA	NA	NA	NA	NA	"NXGMDX-680998"	NA	NA	"chr1"	155184380	155184380
"11"	"chr1"	216019427	"GAA"	"G"	"Heterozygous"	"-"	69.2308	166.635	"-"	"DEL"	NA	NA	NA	NA	216019426	"GAA"	"G"	81	91	NA	4	NA	24	NA	8	NA	55	0.751337399	NA	NA	NA	NA	NA	NA	NA	NA	NA	NA	NA	NA	NA	NA	NA	NA	NA	"NXGMDX-680998"	NA	NA	"chr1"	216019426	216019426
"12"	"chr1"	216246676	"AG"	"A"	"Homozygous"	"-"	100	2884.28	"-"	"DEL"	NA	NA	NA	NA	216246675	"AG"	"A"	561	399	NA	0	NA	0	NA	203	NA	196	0.50877193	NA	NA	NA	NA	NA	NA	NA	NA	NA	NA	NA	NA	NA	NA	NA	NA	NA	"NXGMDX-680998"	NA	NA	"chr1"	216246675	216246675
"13"	"chr10"	55974013	"ATGTT"	"A"	"Heterozygous"	"-"	40.7407	37.6198	"-"	"DEL"	NA	NA	NA	NA	55974012	"ATGTT"	"A"	55	54	NA	11	NA	21	NA	12	NA	10	0.576831071	NA	NA	NA	NA	NA	NA	NA	NA	NA	NA	NA	NA	NA	NA	NA	NA	NA	"NXGMDX-680998"	NA	NA	"chr10"	55974012	55974012
"14"	"chr11"	1776025	"TC"	"T"	"Homozygous"	"-"	100	1753.24	"-"	"DEL"	NA	NA	NA	NA	1776024	"TC"	"T"	223	223	NA	0	NA	0	NA	162	NA	61	0.726457399	NA	NA	NA	NA	NA	NA	NA	NA	NA	NA	NA	NA	NA	NA	NA	NA	NA	"NXGMDX-680998"	NA	NA	"chr11"	1776024	1776024
"15"	"chr11"	17544509	"CG"	"C"	"Heterozygous"	"-"	51.6796	385.464	"-"	"DEL"	NA	NA	NA	NA	17544508	"CG"	"C"	324	387	NA	81	NA	106	NA	90	NA	110	0.577178234	NA	NA	NA	NA	NA	NA	NA	NA	NA	NA	NA	NA	NA	NA	NA	NA	NA	"NXGMDX-680998"	NA	NA	"chr11"	17544508	17544508
"16"	"chr11"	17548402	"CG"	"C"	"Heterozygous"	"-"	53.0435	143.571	"-"	"DEL"	NA	NA	NA	NA	17548401	"CG"	"C"	115	115	NA	20	NA	34	NA	22	NA	39	0.652770321	NA	NA	NA	NA	NA	NA	NA	NA	NA	NA	NA	NA	NA	NA	NA	NA	NA	"NXGMDX-680998"	NA	NA	"chr11"	17548401	17548401
"17"	"chr11"	46742451	"CA"	"C"	"Heterozygous"	"-"	52.5974	176.244	"-"	"DEL"	NA	NA	NA	NA	46742450	"CA"	"C"	155	154	NA	26	NA	47	NA	34	NA	47	0.595287803	NA	NA	NA	NA	NA	NA	NA	NA	NA	NA	NA	NA	NA	NA	NA	NA	NA	"NXGMDX-680998"	NA	NA	"chr11"	46742450	46742450
"18"	"chr11"	47463484	"AG"	"A"	"Homozygous"	"-"	100	1216.43	"-"	"DEL"	NA	NA	NA	NA	47463483	"AG"	"A"	158	158	NA	0	NA	0	NA	78	NA	80	0.493670886	NA	NA	NA	NA	NA	NA	NA	NA	NA	NA	NA	NA	NA	NA	NA	NA	NA	"NXGMDX-680998"	NA	NA	"chr11"	47463483	47463483
"19"	"chr11"	71146249	"AAGCAAGGAACAG"	"A"	"Heterozygous"	"-"	45.1282	143.071	"-"	"DEL"	NA	NA	NA	NA	71146248	"AAGCAAGGAACAG"	"A"	191	195	NA	55	NA	52	NA	47	NA	41	0.610181195	NA	NA	NA	NA	NA	NA	NA	NA	NA	NA	NA	NA	NA	NA	NA	NA	NA	"NXGMDX-680998"	NA	NA	"chr11"	71146248	71146248
"20"	"chr11"	76871973	"CCG"	"C"	"Homozygous"	"-"	100	1376.89	"-"	"DEL"	NA	NA	NA	NA	76871972	"CCG"	"C"	223	228	NA	0	NA	0	NA	143	NA	85	0.627192982	NA	NA	NA	NA	NA	NA	NA	NA	NA	NA	NA	NA	NA	NA	NA	NA	NA	"NXGMDX-680998"	NA	NA	"chr11"	76871972	76871972
"21"	"chr11"	108150208	"CT"	"C"	"Heterozygous"	"-"	54.491	285.116	"-"	"DEL"	NA	NA	NA	NA	108150207	"CT"	"C"	166	167	NA	24	NA	52	NA	30	NA	61	0.629599015	NA	NA	NA	NA	NA	NA	NA	NA	NA	NA	NA	NA	NA	NA	NA	NA	NA	"NXGMDX-680998"	NA	NA	"chr11"	108150207	108150207
"22"	"chr11"	108196713	"CATT"	"C"	"Heterozygous"	"-"	47.0149	119.15	"-"	"DEL"	NA	NA	NA	NA	108196712	"CATT"	"C"	133	134	NA	56	NA	15	NA	46	NA	17	0.617623981	NA	NA	NA	NA	NA	NA	NA	NA	NA	NA	NA	NA	NA	NA	NA	NA	NA	"NXGMDX-680998"	NA	NA	"chr11"	108196712	108196712
"23"	"chr11"	118898436	"AC"	"A"	"Homozygous"	"-"	100	1246.59	"-"	"DEL"	NA	NA	NA	NA	118898435	"AC"	"A"	166	164	NA	0	NA	0	NA	78	NA	86	0.475609756	NA	NA	NA	NA	NA	NA	NA	NA	NA	NA	NA	NA	NA	NA	NA	NA	NA	"NXGMDX-680998"	NA	NA	"chr11"	118898435	118898435
"24"	"chr12"	88478317	"TA"	"T"	"Homozygous"	"-"	100	1086.46	"-"	"DEL"	NA	NA	NA	NA	88478316	"TA"	"T"	219	219	NA	0	NA	0	NA	119	NA	100	0.543378995	NA	NA	NA	NA	NA	NA	NA	NA	NA	NA	NA	NA	NA	NA	NA	NA	NA	"NXGMDX-680998"	NA	NA	"chr12"	88478316	88478316
"25"	"chr12"	88483273	"TA"	"T"	"Homozygous"	"-"	100	739.912	"-"	"DEL"	NA	NA	NA	NA	88483272	"TA"	"T"	162	162	NA	0	NA	0	NA	82	NA	80	0.50617284	NA	NA	NA	NA	NA	NA	NA	NA	NA	NA	NA	NA	NA	NA	NA	NA	NA	"NXGMDX-680998"	NA	NA	"chr12"	88483272	88483272
"26"	"chr13"	48575407	"TTC"	"T"	"Heterozygous"	"-"	44.2424	119.634	"-"	"DEL"	NA	NA	NA	NA	48575406	"TTC"	"T"	166	165	NA	30	NA	62	NA	15	NA	58	0.531970489	NA	NA	NA	NA	NA	NA	NA	NA	NA	NA	NA	NA	NA	NA	NA	NA	NA	"NXGMDX-680998"	NA	NA	"chr13"	48575406	48575406
"27"	"chr14"	68273413	"GT"	"G"	"Heterozygous"	"-"	48.1383	464.145	"-"	"DEL"	NA	NA	NA	NA	68273412	"GT"	"G"	379	376	NA	49	NA	146	NA	48	NA	133	0.589478637	NA	NA	NA	NA	NA	NA	NA	NA	NA	NA	NA	NA	NA	NA	NA	NA	NA	"NXGMDX-680998"	NA	NA	"chr14"	68273412	68273412
"28"	"chr15"	40698198	"GCCCCAAGGCCTCCTTCCTGCCTGGT"	"G"	"Heterozygous"	"-"	42.328	119.652	"-"	"DEL"	NA	NA	NA	NA	40698197	"GCCCCAAGGCCTCCTTCCTGCCTGGT"	"G"	199	189	NA	64	NA	45	NA	32	NA	48	0.504692732	NA	NA	NA	NA	NA	NA	NA	NA	NA	NA	NA	NA	NA	NA	NA	NA	NA	"NXGMDX-680998"	NA	NA	"chr15"	40698197	40698197
"29"	"chr15"	51529350	"GAAACA"	"G"	"Heterozygous"	"-"	80.3191	690.157	"-"	"DEL"	NA	NA	NA	NA	51529349	"GAAACA"	"G"	186	188	NA	26	NA	11	NA	52	NA	99	0.500065378	NA	NA	NA	NA	NA	NA	NA	NA	NA	NA	NA	NA	NA	NA	NA	NA	NA	"NXGMDX-680998"	NA	NA	"chr15"	51529349	51529349
"30"	"chr15"	76603611	"CA"	"C"	"Homozygous"	"-"	100	1091.74	"-"	"DEL"	NA	NA	NA	NA	76603610	"CA"	"C"	159	158	NA	0	NA	0	NA	111	NA	47	0.702531646	NA	NA	NA	NA	NA	NA	NA	NA	NA	NA	NA	NA	NA	NA	NA	NA	NA	"NXGMDX-680998"	NA	NA	"chr15"	76603610	76603610
"31"	"chr15"	80465249	"GA"	"G"	"Homozygous"	"-"	100	2729.98	"-"	"DEL"	NA	NA	NA	NA	80465248	"GA"	"G"	600	393	NA	0	NA	0	NA	229	NA	164	0.582697201	NA	NA	NA	NA	NA	NA	NA	NA	NA	NA	NA	NA	NA	NA	NA	NA	NA	"NXGMDX-680998"	NA	NA	"chr15"	80465248	80465248
"32"	"chr16"	89169220	"CCT"	"C"	"Homozygous"	"-"	100	696.349	"-"	"DEL"	NA	NA	NA	NA	89169219	"CCT"	"C"	98	100	NA	0	NA	0	NA	6	NA	94	0.06	NA	NA	NA	NA	NA	NA	NA	NA	NA	NA	NA	NA	NA	NA	NA	NA	NA	"NXGMDX-680998"	NA	NA	"chr16"	89169219	89169219
"33"	"chr17"	7124740	"CACTGCCCTAGGTCAGGA"	"C"	"Homozygous"	"-"	100	2125.79	"-"	"DEL"	NA	NA	NA	NA	7124739	"CACTGCCCTAGGTCAGGA"	"C"	357	304	NA	0	NA	0	NA	122	NA	182	0.401315789	NA	NA	NA	NA	NA	NA	NA	NA	NA	NA	NA	NA	NA	NA	NA	NA	NA	"NXGMDX-680998"	NA	NA	"chr17"	7124739	7124739
"34"	"chr17"	72306117	"CCT"	"C"	"Heterozygous"	"-"	51.0101	417.348	"-"	"DEL"	NA	NA	NA	NA	72306116	"CCT"	"C"	417	396	NA	118	NA	76	NA	123	NA	79	0.581994084	NA	NA	NA	NA	NA	NA	NA	NA	NA	NA	NA	NA	NA	NA	NA	NA	NA	"NXGMDX-680998"	NA	NA	"chr17"	72306116	72306116
"35"	"chr17"	73513183	"CGCCCTCCCT"	"C"	"Heterozygous"	"-"	48.9796	102.773	"-"	"DEL"	NA	NA	NA	NA	73513182	"CGCCCTCCCT"	"C"	97	98	NA	24	NA	26	NA	16	NA	32	0.555759108	NA	NA	NA	NA	NA	NA	NA	NA	NA	NA	NA	NA	NA	NA	NA	NA	NA	"NXGMDX-680998"	NA	NA	"chr17"	73513182	73513182
"36"	"chr17"	73513416	"CT"	"C"	"Heterozygous"	"-"	53.0303	323.279	"-"	"DEL"	NA	NA	NA	NA	73513415	"CT"	"C"	198	198	NA	45	NA	48	NA	54	NA	51	0.603407263	NA	NA	NA	NA	NA	NA	NA	NA	NA	NA	NA	NA	NA	NA	NA	NA	NA	"NXGMDX-680998"	NA	NA	"chr17"	73513415	73513415
"37"	"chr17"	73759039	"TC"	"T"	"Homozygous"	"-"	100	1294.62	"-"	"DEL"	NA	NA	NA	NA	73759038	"TC"	"T"	172	172	NA	0	NA	0	NA	94	NA	78	0.546511628	NA	NA	NA	NA	NA	NA	NA	NA	NA	NA	NA	NA	NA	NA	NA	NA	NA	"NXGMDX-680998"	NA	NA	"chr17"	73759038	73759038
"38"	"chr19"	55435268	"TC"	"T"	"Heterozygous"	"-"	57.5949	586.75	"-"	"DEL"	NA	NA	NA	NA	55435267	"TC"	"T"	314	316	NA	43	NA	91	NA	57	NA	125	0.596239476	NA	NA	NA	NA	NA	NA	NA	NA	NA	NA	NA	NA	NA	NA	NA	NA	NA	"NXGMDX-680998"	NA	NA	"chr19"	55435267	55435267
"39"	"chr2"	44569701	"AAAT"	"A"	"Heterozygous"	"-"	51.8219	281.628	"-"	"DEL"	NA	NA	NA	NA	44569700	"AAAT"	"A"	247	247	NA	85	NA	34	NA	91	NA	37	0.611637932	NA	NA	NA	NA	NA	NA	NA	NA	NA	NA	NA	NA	NA	NA	NA	NA	NA	"NXGMDX-680998"	NA	NA	"chr2"	44569700	44569700
"40"	"chr2"	44571216	"CAAT"	"C"	"Heterozygous"	"-"	42.8571	173.588	"-"	"DEL"	NA	NA	NA	NA	44571215	"CAAT"	"C"	285	280	NA	80	NA	80	NA	56	NA	64	0.582641927	NA	NA	NA	NA	NA	NA	NA	NA	NA	NA	NA	NA	NA	NA	NA	NA	NA	"NXGMDX-680998"	NA	NA	"chr2"	44571215	44571215
"41"	"chr2"	71185395	"GC"	"G"	"Homozygous"	"-"	100	211.394	"-"	"DEL"	NA	NA	NA	NA	71185394	"GC"	"G"	30	30	NA	0	NA	0	NA	30	NA	0	1	NA	NA	NA	NA	NA	NA	NA	NA	NA	NA	NA	NA	NA	NA	NA	NA	NA	"NXGMDX-680998"	NA	NA	"chr2"	71185394	71185394
"42"	"chr2"	88926730	"CCAG"	"C"	"Homozygous"	"-"	100	196.793	"-"	"DEL"	NA	NA	NA	NA	88926729	"CCAG"	"C"	23	29	NA	0	NA	0	NA	9	NA	20	0.310344828	NA	NA	NA	NA	NA	NA	NA	NA	NA	NA	NA	NA	NA	NA	NA	NA	NA	"NXGMDX-680998"	NA	NA	"chr2"	88926729	88926729
"43"	"chr2"	110922056	"CT"	"C"	"Homozygous"	"-"	100	376.338	"-"	"DEL"	NA	NA	NA	NA	110922055	"CT"	"C"	74	74	NA	0	NA	0	NA	74	NA	0	1	NA	NA	NA	NA	NA	NA	NA	NA	NA	NA	NA	NA	NA	NA	NA	NA	NA	"NXGMDX-680998"	NA	NA	"chr2"	110922055	110922055
"44"	"chr2"	152360137	"AT"	"A"	"Homozygous"	"-"	100	574.108	"-"	"DEL"	NA	NA	NA	NA	152360136	"AT"	"A"	90	93	NA	0	NA	0	NA	23	NA	70	0.247311828	NA	NA	NA	NA	NA	NA	NA	NA	NA	NA	NA	NA	NA	NA	NA	NA	NA	"NXGMDX-680998"	NA	NA	"chr2"	152360136	152360136
"45"	"chr2"	152388416	"AT"	"A"	"Homozygous"	"-"	100	1713.07	"-"	"DEL"	NA	NA	NA	NA	152388415	"AT"	"A"	233	235	NA	0	NA	0	NA	125	NA	110	0.531914894	NA	NA	NA	NA	NA	NA	NA	NA	NA	NA	NA	NA	NA	NA	NA	NA	NA	"NXGMDX-680998"	NA	NA	"chr2"	152388415	152388415
"46"	"chr2"	152513113	"TCA"	"T"	"Heterozygous"	"-"	53.1915	65.9836	"-"	"DEL"	NA	NA	NA	NA	152513112	"TCA"	"T"	46	47	NA	0	NA	22	NA	0	NA	25	1.5	NA	NA	NA	NA	NA	NA	NA	NA	NA	NA	NA	NA	NA	NA	NA	NA	NA	"NXGMDX-680998"	NA	NA	"chr2"	152513112	152513112
"47"	"chr2"	152536569	"ATAAAG"	"A"	"Heterozygous"	"-"	49.8339	308.686	"-"	"DEL"	NA	NA	NA	NA	152536568	"ATAAAG"	"A"	309	301	NA	54	NA	97	NA	70	NA	80	0.514828349	NA	NA	NA	NA	NA	NA	NA	NA	NA	NA	NA	NA	NA	NA	NA	NA	NA	"NXGMDX-680998"	NA	NA	"chr2"	152536568	152536568
"48"	"chr2"	179482310	"CAATT"	"C"	"Heterozygous"	"-"	50.9615	227.323	"-"	"DEL"	NA	NA	NA	NA	179482309	"CAATT"	"C"	209	208	NA	50	NA	52	NA	64	NA	42	0.528906697	NA	NA	NA	NA	NA	NA	NA	NA	NA	NA	NA	NA	NA	NA	NA	NA	NA	"NXGMDX-680998"	NA	NA	"chr2"	179482309	179482309
"49"	"chr2"	179514942	"TTTTCCTCTTCAGGAGCAA"	"T"	"Heterozygous"	"-"	40.7895	49.1238	"-"	"DEL"	NA	NA	NA	NA	179514941	"TTTTCCTCTTCAGGAGCAA"	"T"	68	76	NA	19	NA	26	NA	2	NA	29	0.500390077	NA	NA	NA	NA	NA	NA	NA	NA	NA	NA	NA	NA	NA	NA	NA	NA	NA	"NXGMDX-680998"	NA	NA	"chr2"	179514941	179514941
"50"	"chr2"	179634377	"GTA"	"G"	"Homozygous"	"-"	97.7528	1638.06	"-"	"DEL"	NA	NA	NA	NA	179634376	"GTA"	"G"	290	267	NA	1	NA	5	NA	155	NA	106	0.542046108	NA	NA	NA	NA	NA	NA	NA	NA	NA	NA	NA	NA	NA	NA	NA	NA	NA	"NXGMDX-680998"	NA	NA	"chr2"	179634376	179634376
"51"	"chr2"	215821550	"CA"	"C"	"Heterozygous"	"-"	58.7234	628.406	"-"	"DEL"	NA	NA	NA	NA	215821549	"CA"	"C"	241	138	NA	0	NA	0	NA	71	NA	67	0.514492754	NA	NA	NA	NA	NA	NA	NA	NA	NA	NA	NA	NA	NA	NA	NA	NA	NA	"NXGMDX-680998"	NA	NA	"chr2"	215821549	215821549
"52"	"chr2"	215821550	"CAA"	"C"	"Heterozygous"	"-"	41.2766	628.406	"-"	"DEL"	NA	NA	NA	NA	215821549	"CAA"	"C"	241	97	NA	0	NA	0	NA	58	NA	39	0.597938144	NA	NA	NA	NA	NA	NA	NA	NA	NA	NA	NA	NA	NA	NA	NA	NA	NA	"NXGMDX-680998"	NA	NA	"chr2"	215821549	215821549
"53"	"chr2"	227967602	"ACAATATTTCAGCAATAGGGAAAG"	"A"	"Heterozygous"	"-"	63.2411	486.039	"-"	"DEL"	NA	NA	NA	NA	227967601	"ACAATATTTCAGCAATAGGGAAAG"	"A"	259	253	NA	24	NA	69	NA	76	NA	84	0.500297516	NA	NA	NA	NA	NA	NA	NA	NA	NA	NA	NA	NA	NA	NA	NA	NA	NA	"NXGMDX-680998"	NA	NA	"chr2"	227967601	227967601
"54"	"chr2"	233408221	"AG"	"A"	"Homozygous"	"-"	100	527.824	"-"	"DEL"	NA	NA	NA	NA	233408220	"AG"	"A"	130	130	NA	0	NA	0	NA	58	NA	72	0.446153846	NA	NA	NA	NA	NA	NA	NA	NA	NA	NA	NA	NA	NA	NA	NA	NA	NA	"NXGMDX-680998"	NA	NA	"chr2"	233408220	233408220
"55"	"chr20"	3211722	"GGA"	"G"	"Heterozygous"	"-"	50	279.927	"-"	"DEL"	NA	NA	NA	NA	3211721	"GGA"	"G"	281	276	NA	81	NA	57	NA	82	NA	56	0.596671669	NA	NA	NA	NA	NA	NA	NA	NA	NA	NA	NA	NA	NA	NA	NA	NA	NA	"NXGMDX-680998"	NA	NA	"chr20"	3211721	3211721
"56"	"chr20"	3214094	"AC"	"A"	"Homozygous"	"-"	100	969.759	"-"	"DEL"	NA	NA	NA	NA	3214093	"AC"	"A"	140	140	NA	0	NA	0	NA	0	NA	140	0	NA	NA	NA	NA	NA	NA	NA	NA	NA	NA	NA	NA	NA	NA	NA	NA	NA	"NXGMDX-680998"	NA	NA	"chr20"	3214093	3214093
"57"	"chr20"	25900165	"CCAA"	"C"	"Homozygous"	"-"	98	325.841	"-"	"DEL"	NA	NA	NA	NA	25900164	"CCAA"	"C"	52	50	NA	0	NA	1	NA	0	NA	49	1.5	NA	NA	NA	NA	NA	NA	NA	NA	NA	NA	NA	NA	NA	NA	NA	NA	NA	"NXGMDX-680998"	NA	NA	"chr20"	25900164	25900164
"58"	"chr20"	34022196	"CC"	"C"	"Homozygous"	"-"	98.6577	1955.23	"-"	"DEL"	NA	NA	NA	NA	34022196	"C"	"-"	297	298	NA	2	NA	2	NA	59	NA	235	0.658930132	NA	NA	NA	NA	NA	NA	NA	NA	NA	NA	NA	NA	NA	NA	NA	NA	NA	"NXGMDX-680998"	NA	NA	"chr20"	34022195	34022195
"59"	"chr20"	34022387	"GA"	"G"	"Homozygous"	"-"	100	1790.3	"-"	"DEL"	NA	NA	NA	NA	34022387	"A"	"-"	260	258	NA	0	NA	0	NA	111	NA	147	0.430232558	NA	NA	NA	NA	NA	NA	NA	NA	NA	NA	NA	NA	NA	NA	NA	NA	NA	"NXGMDX-680998"	NA	NA	"chr20"	34022386	34022386
"60"	"chr20"	34022672	"CC"	"C"	"Homozygous"	"-"	100	1212.37	"-"	"DEL"	NA	NA	NA	NA	34022672	"C"	"-"	172	174	NA	0	NA	0	NA	76	NA	98	0.436781609	NA	NA	NA	NA	NA	NA	NA	NA	NA	NA	NA	NA	NA	NA	NA	NA	NA	"NXGMDX-680998"	NA	NA	"chr20"	34022671	34022671
"61"	"chr20"	34025756	"CA"	"C"	"Heterozygous"	"-"	44.4444	95.5376	"-"	"DEL"	NA	NA	NA	NA	34025756	"A"	"-"	126	126	NA	53	NA	17	NA	45	NA	11	0.642126904	NA	NA	NA	NA	NA	NA	NA	NA	NA	NA	NA	NA	NA	NA	NA	NA	NA	"NXGMDX-680998"	NA	NA	"chr20"	34025755	34025755
"62"	"chr20"	62316994	"TC"	"T"	"Homozygous"	"-"	100	343.108	"-"	"DEL"	NA	NA	NA	NA	62316993	"TC"	"T"	46	46	NA	0	NA	0	NA	0	NA	46	0	NA	NA	NA	NA	NA	NA	NA	NA	NA	NA	NA	NA	NA	NA	NA	NA	NA	"NXGMDX-680998"	NA	NA	"chr20"	62316993	62316993
"63"	"chr21"	38302544	"CA"	"C"	"Heterozygous"	"-"	50.5587	514.937	"-"	"DEL"	NA	NA	NA	NA	38302543	"CA"	"C"	359	358	NA	84	NA	93	NA	78	NA	103	0.560049668	NA	NA	NA	NA	NA	NA	NA	NA	NA	NA	NA	NA	NA	NA	NA	NA	NA	"NXGMDX-680998"	NA	NA	"chr21"	38302543	38302543
"64"	"chr3"	48508585	"AC"	"A"	"Homozygous"	"-"	100	1226.41	"-"	"DEL"	NA	NA	NA	NA	48508585	"C"	"-"	175	175	NA	0	NA	0	NA	84	NA	91	0.48	NA	NA	NA	NA	NA	NA	NA	NA	NA	NA	NA	NA	NA	NA	NA	NA	NA	"NXGMDX-680998"	NA	NA	"chr3"	48508584	48508584
"65"	"chr3"	58414416	"CCT"	"C"	"Homozygous"	"-"	100	326.972	"-"	"DEL"	NA	NA	NA	NA	58414415	"CCT"	"C"	39	49	NA	0	NA	0	NA	11	NA	38	0.224489796	NA	NA	NA	NA	NA	NA	NA	NA	NA	NA	NA	NA	NA	NA	NA	NA	NA	"NXGMDX-680998"	NA	NA	"chr3"	58414415	58414415
"66"	"chr4"	3494450	"AC"	"A"	"Heterozygous"	"-"	43.7673	201.121	"-"	"DEL"	NA	NA	NA	NA	3494449	"AC"	"A"	362	361	NA	103	NA	100	NA	81	NA	77	0.58407306	NA	NA	NA	NA	NA	NA	NA	NA	NA	NA	NA	NA	NA	NA	NA	NA	NA	"NXGMDX-680998"	NA	NA	"chr4"	3494449	3494449
"67"	"chr4"	5665082	"AG"	"A"	"Heterozygous"	"-"	51.6234	326.186	"-"	"DEL"	NA	NA	NA	NA	5665081	"AG"	"A"	307	308	NA	89	NA	60	NA	105	NA	54	0.548931615	NA	NA	NA	NA	NA	NA	NA	NA	NA	NA	NA	NA	NA	NA	NA	NA	NA	"NXGMDX-680998"	NA	NA	"chr4"	5665081	5665081
"68"	"chr5"	1814396	"TTGTA"	"T"	"Homozygous"	"-"	100	1414.18	"-"	"DEL"	NA	NA	NA	NA	1814395	"TTGTA"	"T"	206	204	NA	0	NA	0	NA	107	NA	97	0.524509804	NA	NA	NA	NA	NA	NA	NA	NA	NA	NA	NA	NA	NA	NA	NA	NA	NA	"NXGMDX-680998"	NA	NA	"chr5"	1814395	1814395
"69"	"chr5"	13830008	"TTTTCAAAAGGAGGTAAAGTTACAATCCCAA"	"T"	"Heterozygous"	"-"	58.0645	103.886	"-"	"DEL"	NA	NA	NA	NA	13830007	"TTTTCAAAAGGAGGTAAAGTTACAATCCCAA"	"T"	61	62	NA	13	NA	13	NA	23	NA	13	0.6145715	NA	NA	NA	NA	NA	NA	NA	NA	NA	NA	NA	NA	NA	NA	NA	NA	NA	"NXGMDX-680998"	NA	NA	"chr5"	13830007	13830007
"70"	"chr5"	33963732	"AAAC"	"A"	"Heterozygous"	"-"	84.6535	831.721	"-"	"DEL"	NA	NA	NA	NA	33963731	"AAAC"	"A"	167	202	NA	19	NA	12	NA	62	NA	109	0.505648106	NA	NA	NA	NA	NA	NA	NA	NA	NA	NA	NA	NA	NA	NA	NA	NA	NA	"NXGMDX-680998"	NA	NA	"chr5"	33963731	33963731
"71"	"chr5"	38528970	"CACACACACACAG"	"C"	"Heterozygous"	"-"	53.9474	106.879	"-"	"DEL"	NA	NA	NA	NA	38528969	"CACACACACACAG"	"C"	99	76	NA	26	NA	9	NA	19	NA	22	0.509012113	NA	NA	NA	NA	NA	NA	NA	NA	NA	NA	NA	NA	NA	NA	NA	NA	NA	"NXGMDX-680998"	NA	NA	"chr5"	38528969	38528969
"72"	"chr5"	70248472	"CTA"	"C"	"Heterozygous"	"-"	32.3404	51.9791	"-"	"DEL"	NA	NA	NA	NA	70248471	"CTA"	"C"	234	235	NA	92	NA	67	NA	43	NA	33	0.61003357	NA	NA	NA	NA	NA	NA	NA	NA	NA	NA	NA	NA	NA	NA	NA	NA	NA	"NXGMDX-680998"	NA	NA	"chr5"	70248471	70248471
"73"	"chr6"	33138747	"CA"	"C"	"Homozygous"	"-"	100	1661.41	"-"	"DEL"	NA	NA	NA	NA	33138746	"CA"	"C"	244	239	NA	0	NA	0	NA	98	NA	141	0.410041841	NA	NA	NA	NA	NA	NA	NA	NA	NA	NA	NA	NA	NA	NA	NA	NA	NA	"NXGMDX-680998"	NA	NA	"chr6"	33138746	33138746
"74"	"chr6"	33140009	"GT"	"G"	"Heterozygous"	"-"	50.8021	1255.11	"-"	"DEL"	NA	NA	NA	NA	33140008	"GT"	"G"	183	95	NA	0	NA	0	NA	95	NA	0	1	NA	NA	NA	NA	NA	NA	NA	NA	NA	NA	NA	NA	NA	NA	NA	NA	NA	"NXGMDX-680998"	NA	NA	"chr6"	33140008	33140008
"75"	"chr6"	33142013	"AG"	"A"	"Homozygous"	"-"	100	1018.22	"-"	"DEL"	NA	NA	NA	NA	33142012	"AG"	"A"	171	179	NA	0	NA	0	NA	47	NA	132	0.262569832	NA	NA	NA	NA	NA	NA	NA	NA	NA	NA	NA	NA	NA	NA	NA	NA	NA	"NXGMDX-680998"	NA	NA	"chr6"	33142012	33142012
"76"	"chr6"	80837253	"TG"	"T"	"Homozygous"	"-"	100	470.37	"-"	"DEL"	NA	NA	NA	NA	80837252	"TG"	"T"	62	69	NA	0	NA	0	NA	23	NA	46	0.333333333	NA	NA	NA	NA	NA	NA	NA	NA	NA	NA	NA	NA	NA	NA	NA	NA	NA	"NXGMDX-680998"	NA	NA	"chr6"	80837252	80837252
"77"	"chr6"	129824586	"AT"	"A"	"Heterozygous"	"-"	55.7864	457.891	"-"	"DEL"	NA	NA	NA	NA	129824585	"AT"	"A"	334	337	NA	31	NA	118	NA	44	NA	144	0.589660238	NA	NA	NA	NA	NA	NA	NA	NA	NA	NA	NA	NA	NA	NA	NA	NA	NA	"NXGMDX-680998"	NA	NA	"chr6"	129824585	129824585
"78"	"chr7"	33674840	"TC"	"T"	"Heterozygous"	"-"	50.7937	441.451	"-"	"DEL"	NA	NA	NA	NA	33674839	"TC"	"T"	382	378	NA	67	NA	119	NA	82	NA	110	0.534764243	NA	NA	NA	NA	NA	NA	NA	NA	NA	NA	NA	NA	NA	NA	NA	NA	NA	"NXGMDX-680998"	NA	NA	"chr7"	33674839	33674839
"79"	"chr7"	72300332	"AG"	"A"	"Homozygous"	"-"	96.3455	2198.68	"-"	"DEL"	NA	NA	NA	NA	72300332	"G"	"-"	302	301	NA	6	NA	5	NA	121	NA	169	0.669451548	NA	NA	NA	NA	NA	NA	NA	NA	NA	NA	NA	NA	NA	NA	NA	NA	NA	"NXGMDX-680998"	NA	NA	"chr7"	72300331	72300331
"80"	"chr7"	87046897	"GC"	"G"	"Heterozygous"	"-"	50.655	332.828	"-"	"DEL"	NA	NA	NA	NA	87046896	"GC"	"G"	231	229	NA	55	NA	58	NA	55	NA	61	0.603317193	NA	NA	NA	NA	NA	NA	NA	NA	NA	NA	NA	NA	NA	NA	NA	NA	NA	"NXGMDX-680998"	NA	NA	"chr7"	87046896	87046896
"81"	"chr7"	117176569	"AGATT"	"A"	"Heterozygous"	"-"	44.7293	249.044	"-"	"DEL"	NA	NA	NA	NA	117176568	"AGATT"	"A"	357	351	NA	74	NA	120	NA	76	NA	81	0.513457981	NA	NA	NA	NA	NA	NA	NA	NA	NA	NA	NA	NA	NA	NA	NA	NA	NA	"NXGMDX-680998"	NA	NA	"chr7"	117176568	117176568
"82"	"chr7"	117188661	"ATG"	"A"	"Heterozygous"	"-"	35.9477	830.231	"-"	"DEL"	NA	NA	NA	NA	117188660	"ATG"	"A"	211	59	NA	2	NA	2	NA	16	NA	39	0.775659927	NA	NA	NA	NA	NA	NA	NA	NA	NA	NA	NA	NA	NA	NA	NA	NA	NA	"NXGMDX-680998"	NA	NA	"chr7"	117188660	117188660
"83"	"chr7"	117188681	"GTGT"	"G"	"Heterozygous"	"-"	41.1765	830.231	"-"	"DEL"	NA	NA	NA	NA	117188680	"GTGT"	"G"	211	67	NA	2	NA	2	NA	50	NA	13	0.681648575	NA	NA	NA	NA	NA	NA	NA	NA	NA	NA	NA	NA	NA	NA	NA	NA	NA	"NXGMDX-680998"	NA	NA	"chr7"	117188680	117188680
"84"	"chr7"	117235197	"CAT"	"C"	"Homozygous"	"-"	100	544.907	"-"	"DEL"	NA	NA	NA	NA	117235196	"CAT"	"C"	83	79	NA	0	NA	0	NA	50	NA	29	0.632911392	NA	NA	NA	NA	NA	NA	NA	NA	NA	NA	NA	NA	NA	NA	NA	NA	NA	"NXGMDX-680998"	NA	NA	"chr7"	117235196	117235196
"85"	"chr8"	30958354	"CT"	"C"	"Homozygous"	"-"	100	1779.28	"-"	"DEL"	NA	NA	NA	NA	30958353	"CT"	"C"	369	369	NA	0	NA	0	NA	141	NA	228	0.382113821	NA	NA	NA	NA	NA	NA	NA	NA	NA	NA	NA	NA	NA	NA	NA	NA	NA	"NXGMDX-680998"	NA	NA	"chr8"	30958353	30958353
"86"	"chr8"	30998881	"TG"	"T"	"Heterozygous"	"-"	51.6447	336.512	"-"	"DEL"	NA	NA	NA	NA	30998880	"TG"	"T"	307	304	NA	89	NA	58	NA	89	NA	68	0.573607109	NA	NA	NA	NA	NA	NA	NA	NA	NA	NA	NA	NA	NA	NA	NA	NA	NA	"NXGMDX-680998"	NA	NA	"chr8"	30998880	30998880
"87"	"chr8"	38006331	"TC"	"T"	"Homozygous"	"-"	100	1590.15	"-"	"DEL"	NA	NA	NA	NA	38006330	"TC"	"T"	209	207	NA	0	NA	0	NA	97	NA	110	0.468599034	NA	NA	NA	NA	NA	NA	NA	NA	NA	NA	NA	NA	NA	NA	NA	NA	NA	"NXGMDX-680998"	NA	NA	"chr8"	38006330	38006330
"88"	"chr8"	145639586	"AT"	"A"	"Homozygous"	"-"	98.4848	431.097	"-"	"DEL"	NA	NA	NA	NA	145639586	"T"	"-"	65	66	NA	0	NA	1	NA	49	NA	16	0.757575758	NA	NA	NA	NA	NA	NA	NA	NA	NA	NA	NA	NA	NA	NA	NA	NA	NA	"NXGMDX-680998"	NA	NA	"chr8"	145639585	145639585
"89"	"chr8"	145639681	"AG"	"A"	"Heterozygous"	"-"	61.2121	303.655	"-"	"DEL"	NA	NA	NA	NA	145639681	"G"	"-"	164	165	NA	50	NA	14	NA	67	NA	34	0.538064927	NA	NA	NA	NA	NA	NA	NA	NA	NA	NA	NA	NA	NA	NA	NA	NA	NA	"NXGMDX-680998"	NA	NA	"chr8"	145639680	145639680
"90"	"chr8"	145641195	"CG"	"C"	"Homozygous"	"-"	100	565.04	"-"	"DEL"	NA	NA	NA	NA	145641195	"G"	"-"	81	81	NA	0	NA	0	NA	41	NA	40	0.50617284	NA	NA	NA	NA	NA	NA	NA	NA	NA	NA	NA	NA	NA	NA	NA	NA	NA	"NXGMDX-680998"	NA	NA	"chr8"	145641194	145641194
"91"	"chr9"	34506824	"CCTT"	"C"	"Heterozygous"	"-"	50	236.338	"-"	"DEL"	NA	NA	NA	NA	34506823	"CCTT"	"C"	246	230	NA	83	NA	32	NA	76	NA	39	0.569216515	NA	NA	NA	NA	NA	NA	NA	NA	NA	NA	NA	NA	NA	NA	NA	NA	NA	"NXGMDX-680998"	NA	NA	"chr9"	34506823	34506823
"92"	"chr9"	131277770	"CTTATTTT"	"C"	"Heterozygous"	"-"	48.0447	163.242	"-"	"DEL"	NA	NA	NA	NA	131277769	"CTTATTTT"	"C"	180	179	NA	79	NA	14	NA	63	NA	23	0.523303828	NA	NA	NA	NA	NA	NA	NA	NA	NA	NA	NA	NA	NA	NA	NA	NA	NA	"NXGMDX-680998"	NA	NA	"chr9"	131277769	131277769
"93"	"chrUn_gl000238"	14125	"TT"	"T"	"Heterozygous"	"-"	60.3846	451.276	"-"	"DEL"	NA	NA	NA	NA	14125	"T"	"-"	250	260	NA	26	NA	77	NA	62	NA	95	0.506308156	NA	NA	NA	NA	NA	NA	NA	NA	NA	NA	NA	NA	NA	NA	NA	NA	NA	"NXGMDX-680998"	NA	NA	"chrUn_gl000238"	14124	14124
"94"	"chrUn_gl000238"	14193	"AT"	"A"	"Heterozygous"	"-"	58.042	444.949	"-"	"DEL"	NA	NA	NA	NA	14193	"T"	"-"	284	286	NA	47	NA	73	NA	80	NA	86	0.530635314	NA	NA	NA	NA	NA	NA	NA	NA	NA	NA	NA	NA	NA	NA	NA	NA	NA	"NXGMDX-680998"	NA	NA	"chrUn_gl000238"	14192	14192
"95"	"chrUn_gl000238"	14213	"CA"	"C"	"Heterozygous"	"-"	54.7445	362.577	"-"	"DEL"	NA	NA	NA	NA	14213	"A"	"-"	271	274	NA	51	NA	73	NA	80	NA	70	0.512868181	NA	NA	NA	NA	NA	NA	NA	NA	NA	NA	NA	NA	NA	NA	NA	NA	NA	"NXGMDX-680998"	NA	NA	"chrUn_gl000238"	14212	14212
"96"	"chrUn_gl000238"	14217	"AG"	"A"	"Heterozygous"	"-"	54.5455	361.362	"-"	"DEL"	NA	NA	NA	NA	14217	"G"	"-"	275	275	NA	52	NA	73	NA	81	NA	69	0.511934211	NA	NA	NA	NA	NA	NA	NA	NA	NA	NA	NA	NA	NA	NA	NA	NA	NA	"NXGMDX-680998"	NA	NA	"chrUn_gl000238"	14216	14216
"97"	"chrUn_gl000238"	14244	"TT"	"T"	"Heterozygous"	"-"	53.6496	342.81	"-"	"DEL"	NA	NA	NA	NA	14244	"T"	"-"	273	274	NA	56	NA	71	NA	81	NA	66	0.518655114	NA	NA	NA	NA	NA	NA	NA	NA	NA	NA	NA	NA	NA	NA	NA	NA	NA	"NXGMDX-680998"	NA	NA	"chrUn_gl000238"	14243	14243
"98"	"chrUn_gl000238"	14250	"GC"	"G"	"Heterozygous"	"-"	53.0686	334.68	"-"	"DEL"	NA	NA	NA	NA	14250	"C"	"-"	274	277	NA	59	NA	71	NA	81	NA	66	0.526223246	NA	NA	NA	NA	NA	NA	NA	NA	NA	NA	NA	NA	NA	NA	NA	NA	NA	"NXGMDX-680998"	NA	NA	"chrUn_gl000238"	14249	14249
"99"	"chrUn_gl000238"	14265	"CG"	"C"	"Heterozygous"	"-"	53.1915	345.01	"-"	"DEL"	NA	NA	NA	NA	14265	"G"	"-"	282	282	NA	65	NA	67	NA	84	NA	66	0.550180974	NA	NA	NA	NA	NA	NA	NA	NA	NA	NA	NA	NA	NA	NA	NA	NA	NA	"NXGMDX-680998"	NA	NA	"chrUn_gl000238"	14264	14264
"100"	"chrUn_gl000238"	14294	"GT"	"G"	"Heterozygous"	"-"	54.1219	359.475	"-"	"DEL"	NA	NA	NA	NA	14294	"T"	"-"	277	279	NA	65	NA	63	NA	87	NA	64	0.550171355	NA	NA	NA	NA	NA	NA	NA	NA	NA	NA	NA	NA	NA	NA	NA	NA	NA	"NXGMDX-680998"	NA	NA	"chrUn_gl000238"	14293	14293
"101"	"chrUn_gl000238"	14342	"CG"	"C"	"Heterozygous"	"-"	51.2397	248.77	"-"	"DEL"	NA	NA	NA	NA	14342	"G"	"-"	217	242	NA	68	NA	50	NA	90	NA	34	0.505521033	NA	NA	NA	NA	NA	NA	NA	NA	NA	NA	NA	NA	NA	NA	NA	NA	NA	"NXGMDX-680998"	NA	NA	"chrUn_gl000238"	14341	14341
"102"	"chrX"	69247897	"CCT"	"C"	"Homozygous"	"-"	100	1167.16	"-"	"DEL"	NA	NA	NA	NA	69247896	"CCT"	"C"	169	167	NA	0	NA	0	NA	16	NA	151	0.095808383	NA	NA	NA	NA	NA	NA	NA	NA	NA	NA	NA	NA	NA	NA	NA	NA	NA	"NXGMDX-680998"	NA	NA	"chrX"	69247896	69247896
"103"	"chrX"	76937963	"TG"	"T"	"Heterozygous"	"-"	46.3855	139.943	"-"	"DEL"	NA	NA	NA	NA	76937963	"G"	"-"	167	166	NA	42	NA	47	NA	28	NA	49	0.546921613	NA	NA	NA	NA	NA	NA	NA	NA	NA	NA	NA	NA	NA	NA	NA	NA	NA	"NXGMDX-680998"	NA	NA	"chrX"	76937962	76937962
"104"	"chrX"	76940534	"CA"	"C"	"Heterozygous"	"-"	51.4286	199.631	"-"	"DEL"	NA	NA	NA	NA	76940534	"A"	"-"	173	175	NA	39	NA	46	NA	35	NA	55	0.578814495	NA	NA	NA	NA	NA	NA	NA	NA	NA	NA	NA	NA	NA	NA	NA	NA	NA	"NXGMDX-680998"	NA	NA	"chrX"	76940533	76940533
"105"	"chrX"	77294616	"CAT"	"C"	"Heterozygous"	"-"	54.3103	157.262	"-"	"DEL"	NA	NA	NA	NA	77294615	"CAT"	"C"	118	116	NA	11	NA	42	NA	11	NA	52	0.669070476	NA	NA	NA	NA	NA	NA	NA	NA	NA	NA	NA	NA	NA	NA	NA	NA	NA	"NXGMDX-680998"	NA	NA	"chrX"	77294615	77294615
"106"	"chrX"	153760508	"TA"	"T"	"Heterozygous"	"-"	43.0464	193.204	"-"	"DEL"	NA	NA	NA	NA	153760508	"A"	"-"	302	302	NA	136	NA	36	NA	120	NA	10	0.500708808	NA	NA	NA	NA	NA	NA	NA	NA	NA	NA	NA	NA	NA	NA	NA	NA	NA	"NXGMDX-680998"	NA	NA	"chrX"	153760507	153760507
"107"	"chrX"	153760654	"CG"	"C"	"Homozygous"	"-"	100	2792.52	"-"	"DEL"	NA	NA	NA	NA	153760654	"G"	"-"	532	399	NA	0	NA	0	NA	214	NA	185	0.536340852	NA	NA	NA	NA	NA	NA	NA	NA	NA	NA	NA	NA	NA	NA	NA	NA	NA	"NXGMDX-680998"	NA	NA	"chrX"	153760653	153760653
